{"cameraMode":{"drawMode":0,"name":"Shaded","section":"Shading Mode"},"sceneLighting":true,"audioPlay":false,"sceneViewState":{"showFog":true,"showMaterialUpdate":false,"showSkybox":true,"showFlares":true,"showImageEffects":true,"showParticleSystems":true,"showVisualEffectGraphs":true,"m_FxEnabled":true},"in2DMode":false,"pivot":{"x":-3.3303632736206056,"y":-3.257113456726074,"z":111.64863586425781},"rotation":{"x":-0.03329958766698837,"y":0.015586739405989647,"z":-0.0005202896427363157,"w":-0.9993253946304321},"size":69.16739654541016,"orthographic":false}