{"cameraMode":{"drawMode":0,"name":"Shaded","section":"Shading Mode"},"sceneLighting":true,"audioPlay":false,"sceneViewState":{"showFog":true,"showMaterialUpdate":false,"showSkybox":true,"showFlares":true,"showImageEffects":true,"showParticleSystems":true,"showVisualEffectGraphs":true,"m_FxEnabled":true},"in2DMode":false,"pivot":{"x":122.29988098144531,"y":-116.08631134033203,"z":313.39788818359377},"rotation":{"x":-0.15479837357997895,"y":-0.17039120197296143,"z":0.02711368538439274,"w":-0.9727596044540405},"size":203.78775024414063,"orthographic":false}