{"cameraMode":{"drawMode":0,"name":"Shaded","section":"Shading Mode"},"sceneLighting":true,"audioPlay":false,"sceneViewState":{"showFog":true,"showMaterialUpdate":false,"showSkybox":true,"showFlares":true,"showImageEffects":true,"showParticleSystems":true,"showVisualEffectGraphs":true,"m_FxEnabled":true},"in2DMode":false,"pivot":{"x":686.4810791015625,"y":323.04559326171877,"z":0.3376140594482422},"rotation":{"x":-0.027305930852890016,"y":0.0035959549713879825,"z":-0.00009825744928093627,"w":-0.9996187090873718},"size":5.948232173919678,"orthographic":false}